9ca5a1bc-44e2-454c-b341-dd4539c2e3a4;080becb4-66fa-48dc-b7d1-6fe186a21d40;18-10-2022 00:00:00
36e41c25-dc70-40e2-9ea0-b251dc034a78;6d252d97-89e3-478d-ae95-6b64731f4cc8;20-10-2022 00:00:00
f373b340-b73e-45ff-8aff-a049fc7a49c5;46cb102e-0948-47a9-a87a-076915a5dc85;17-10-2022 00:00:00
ef9d942d-f993-44db-8e4e-2177d03a20db;4eb09351-55c1-4ac5-9601-facd4daa4be1;26-10-2022 00:00:00
36e41c25-dc70-40e2-9ea0-b251dc034a78;46cb102e-0948-47a9-a87a-076915a5dc85;22-10-2022 00:00:00
9ca5a1bc-44e2-454c-b341-dd4539c2e3a4;0463dfd6-dcab-4b78-8c78-45d0367b59e5;01-11-2022 00:00:00
f373b340-b73e-45ff-8aff-a049fc7a49c5;6d252d97-89e3-478d-ae95-6b64731f4cc8;02-11-2022 00:00:00
8ff14779-db4f-498b-8fcf-8f5044cc6176;a2045ef2-3393-47fa-a148-8784aa8ae61e;02-11-2022 00:00:00
46cb102e-0948-47a9-a87a-076915a5dc85;6d252d97-89e3-478d-ae95-6b64731f4cc8;01-11-2022 00:00:00
f373b340-b73e-45ff-8aff-a049fc7a49c5;36e41c25-dc70-40e2-9ea0-b251dc034a78;27-10-2022 00:00:00
d2bc39f8-587d-4dde-8753-de29fa582865;4eb09351-55c1-4ac5-9601-facd4daa4be1;03-11-2022 00:00:00
d2bc39f8-587d-4dde-8753-de29fa582865;ef9d942d-f993-44db-8e4e-2177d03a20db;05-11-2022 00:00:00
cf2ffb2a-b926-4c1a-9afb-63eb80cc7aed;d2bc39f8-587d-4dde-8753-de29fa582865;05-11-2022 00:00:00
9ca5a1bc-44e2-454c-b341-dd4539c2e3a4;f3052818-38da-4bed-ad19-52c2d7aef8ae;07-11-2022 00:00:00
9ca5a1bc-44e2-454c-b341-dd4539c2e3a4;50e6ab0f-3943-46e6-81bc-8aa9201a5870;23-10-2022 00:00:00
f10d0353-0a7a-4eff-a637-1710ddfee05f;728bddad-16d7-49e8-9367-c5f12b7d641d;12-11-2022 00:00:00
8ff14779-db4f-498b-8fcf-8f5044cc6176;d2bc39f8-587d-4dde-8753-de29fa582865;08-11-2022 00:00:00
8ff14779-db4f-498b-8fcf-8f5044cc6176;cf2ffb2a-b926-4c1a-9afb-63eb80cc7aed;09-11-2022 00:00:00